0,Ner-Tag,number SOLL,tag number Pred,correct Pred,precision,recall,f1
1,B-PER,1617,1619,1266,0.781964175416924,0.7829313543599258,0.7824474660074165
2,I-PER,1156,1202,1000,0.831946755407654,0.8650519031141869,0.8481764206955047
3,B-LOC,1668,1658,1184,0.7141133896260555,0.709832134292566,0.7119663259170174
4,I-LOC,257,220,121,0.55,0.4708171206225681,0.5073375262054508
5,B-ORC,1661,1749,1149,0.6569468267581475,0.6917519566526189,0.673900293255132
6,I-ORC,835,899,534,0.5939933259176863,0.6395209580838324,0.6159169550173009
7,B-MISC,702,629,387,0.615262321144674,0.5512820512820513,0.5815176558978211
8,I-MISC,216,188,89,0.4734042553191489,0.41203703703703703,0.4405940594059406
9,O,38323,38271,37685,0.9846881450706801,0.9833520340265637,0.98401963600282
